IN	IND	115	IND	الهند	India	India	Inde	Índia	Индия	印 度	Member State	NO	New Delhi	Asia	Southern Asia		Asia
CU	CUB	63	CUB	كوبا	Cuba	Cuba	Cuba	Cuba	Куба	古 巴	Member State	NO	Havana	Americas	Caribbean		Northern America
ZM	ZMB	270	ZMB	زامبيا	Zambia	Zambia	Zambie	Zâmbia	Замбия	赞比亚	Member State	NO	Lusaka	Africa	Eastern Africa		Africa
KE	KEN	133	KEN	كينيا	Kenya	Kenya	Kenya	Quênia	Кения	肯尼亚	Member State	NO	Nairobi	Africa	Eastern Africa		Africa
MG	MDG	150	MDG	مدغشقر	Madagascar	Madagascar	Madagascar	Madagáscar	Мадагаскар	马达加斯加	Member State	NO	Antananarivo	Africa	Eastern Africa		Africa
SD	SDN	6		السودان	Sudan	Sudán	Soudan	Sudão	Судан	苏 丹	Member State	NO	Khartoum	Africa	Northern Africa		Africa
KP	PRK	67	PRK	جمهورية كوريا الديمقراطية الشعبية	Democratic People's Republic of Korea	República Popular Democrática de Corea	République populaire démocratique de Corée	Coreia do Norte	Корейская Народно-Демократическая Республика	朝鲜民主主义人民共和国	Member State	NO	Pyongyang	Asia	Eastern Asia	Not classified in the UN classification 2005	Asia
RW	RWA	205	RWA	رواندا	Rwanda	Rwanda	Rwanda	Ruanda	Руанда	卢旺达	Member State	NO	Kigali	Africa	Eastern Africa		Africa
SO	SOM	226	SOM	الصومال	Somalia	Somalia	Somalie	Somália	Сомали	索马里	Member State	NO	Mogadishu	Africa	Eastern Africa		Africa
SC	SYC	220	SYC	سيشيل	Seychelles	Seychelles	Seychelles	Seychelles	Сейшельские Острова	塞舌尔	Member State	NO	Victoria	Africa	Eastern Africa		Africa
TZ	TZA	257	TZA	جمهورية تنزانيا المتحدة	United Republic of Tanzania	República Unida de Tanzanía	République-Unie de Tanzanie	Tanzânia	Объединенная Республика Танзания	坦桑尼亚联合共和国	Member State	NO	Dodoma	Africa	Eastern Africa		Africa
UG	UGA	253	UGA	أوغندا	Uganda	Uganda	Ouganda	Uganda	Уганда	乌干达	Member State	NO	Kampala	Africa	Eastern Africa		Africa
ZW	ZWE	271	ZWE	زمبابوي	Zimbabwe	Zimbabwe	Zimbabwe	Zimbabwe	Зимбабве	津巴布韦	Member State	NO	Harare	Africa	Eastern Africa		Africa
LU	LUX	148	LUX	لكسمبرغ	Luxembourg	Luxemburgo	Luxembourg	Luxemburgo	Люксембург	卢森堡	Member State	NO	Luxembourg	Europe	Western Europe		Europe
GL	GRL	98	DNK	غرينلاند	Greenland	Groenlandia	Groenland	Gronelândia	Гренландия	格陵兰	DK Self-Governing Territory	NO	Nuuk	Americas	Northern America	Not classified in the UN classification 2005	Northern America
MQ	MTQ	158	FRA	مارتينيك	Martinique	Martinica	Martinique	Martinica	Мартиника	马提尼克	FR Territory	NO	Fort-de-France	Americas	Caribbean		Northern America
JM	JAM	123	JAM	جامايكا	Jamaica	Jamaica	Jamaïque	Jamaica	Ямайка	牙买加	Member State	NO	Kingston	Americas	Caribbean		Northern America
VE	VEN	263	VEN	فنزويلا (جمهورية .. البوليفارية)	Venezuela (Bolivarian Republic of)	Venezuela (República Bolivariana de)	Venezuela (République bolivarienne du)	Venezuela	Венесуэла (Боливарианская Республика)	委内瑞拉 (玻利瓦尔共和国)	Member State	NO	Caracas	Americas	South America		South America
NE	NER	181	NER	النيجر	Niger	Níger	Niger	Níger	Нигер	尼日尔	Member State	NO	Niamey	Africa	Western Africa		Africa
IR	IRN	117	IRN	إيران	Iran (Islamic Republic of)	Irán (República Islámica del)	Iran (République islamique d')	Irã	Иран (Исламская Республика)	伊 朗(伊斯兰共和国)	Member State	NO	Tehran	Asia	Southern Asia		Asia
GW	GNB	105	GNB	غينيا - بيساو	Guinea-Bissau	Guinea-Bissau	Guinée-Bissau	Guiné-Bissau	Гвинея-Бисау	几内亚比绍	Member State	NO	Bissau	Africa	Western Africa		Africa
GM	GMB	90	GMB	غامبيا	Gambia	Gambia	Gambie	Gâmbia	Гамбия	冈比亚	Member State	NO	Banjul	Africa	Western Africa		Africa
ET	ETH	79	ETH	إثيوبيا	Ethiopia	Etiopía	Éthiopie	Etiópia	Эфиопия	埃塞俄比亚	Member State	NO	Addis-Ababa	Africa	Eastern Africa		Africa
ER	ERI	77	ERI	إريتريا	Eritrea	Eritrea	Érythrée	Eritreia	Эритрея	厄立特里亚	Member State	NO	Asmara	Africa	Eastern Africa		Africa
DJ	DJI	70	DJI	جيبوتي	Djibouti	Djibouti	Djibouti	Djibouti	Джибути	吉布提	Member State	NO	Djibouti	Africa	Eastern Africa		Africa
KM	COM	58	COM	جزر القمر	Comoros	Comoras	Comores	Comores	Коморские Острова	科摩罗	Member State	NO	Moroni	Africa	Eastern Africa		Africa
IO	IOT	38	GBR	المناطق البريطانية في المحيط الهندي	British Indian Ocean Territory	Territorio Británico del Océano Indico	Territoire britanique de l'Océan Indien	Território Britânico do Oceano Índico	Британская Территория в Индийском Океане	英辖印度洋海域	UK Territory	NO		Africa	Eastern Africa		Africa
NA	NAM	172	NAM	ناميبيا	Namibia	Namibia	Namibie	Namíbia	Намибия	纳米比亚	Member State	NO	Windhoek	Africa	Southern Africa		Africa
MR	MRT	159	MRT	موريتانيا	Mauritania	Mauritania	Mauritanie	Mauritânia	Мавритания	毛里塔尼亚	Member State	NO	Nouakchott	Africa	Western Africa		Africa
LR	LBR	144	LBR	ليبريا	Liberia	Liberia	Libéria	Libéria	Либерия	利比里亚	Member State	NO	Monrovia	Africa	Western Africa		Africa
TJ	TJK	239	TJK	طاجيكستان	Tajikistan	Tayikistán	Tadjikistan	Tajiquistão	Таджикистан	塔吉克斯坦	Member State	NO	Dushanbe	Asia	Central Asia		Asia
LS	LSO	142	LSO	ليسوتو	Lesotho	Lesotho	Lesotho	Lesoto	Лесото	莱索托	Member State	NO	Maseru	Africa	Southern Africa		Africa
ZA	ZAF	227	ZAF	جنوب أفريقيا	South Africa	Sudáfrica	Afrique du Sud	África do Sul	Южная Африка	南 非	Member State	NO	Pretoria (Adm.)	Africa	Southern Africa		Africa
SE	SWE	236	SWE	السويد	Sweden	Suecia	Suède	Suécia	Швеция	瑞 典	Member State	NO	Stockholm	Europe	Northern Europe		Europe
UZ	UZB	261	UZB	أوزبكستان	Uzbekistan	Uzbekistán	Ouzbékistan	Uzbequistão	Узбекистан	乌兹别克斯坦	Member State	NO	Tashkent	Asia	Central Asia		Asia
GE	GEO	92	GEO	جورجيا	Georgia	Georgia	Géorgie	Geórgia	Грузия	格鲁吉亚	Member State	NO	Tbilisi	Asia	Western Asia		Asia
CY	CYP	64	CYP	قبرص	Cyprus	Chipre	Chypre	Chipre	Кипр	塞浦路斯	Member State	NO	Nicosia	Asia	Western Asia		Asia
NP	NPL	175	NPL	نيبال	Nepal	Nepal	Népal	Nepal	Непал	尼泊尔	Member State	NO	Kathmandu	Asia	Southern Asia		Asia
NG	NGA	182	NGA	نيجيريا	Nigeria	Nigeria	Nigéria	Nigéria	Нигерия	尼日利亚	Member State	NO	Abuja	Africa	Western Africa		Africa
FO	FRO	82	DNK	جزر فيرويه	Faroe Islands	Islas Feroe	Îles Féroé	Ilhas Feroé	Фарерские острова	法罗群岛	DK Territory	NO	Tórshavn	Europe	Northern Europe		Europe
SN	SEN	217	SEN	السنغال	Senegal	Senegal	Sénégal	Senegal	Сенегал	塞内加尔	Member State	NO	Dakar	Africa	Western Africa		Africa
VA	VAT	110	VAT	الكرسي الرسولي	Holy See	Santa Sede	Saint-Siège	Vaticano	Святой Престол	教廷	The City of Vatican	NO		Europe	Southern Europe		Europe
HR	HRV	62	HRV	كرواتيا	Croatia	Croacia	Croatie	Croácia	Хорватия	克罗地亚	Member State	NO	Zagreb	Europe	Southern Europe		Europe
MT	MLT	156	MLT	مالطة	Malta	Malta	Malte	Malta	Мальта	马耳他	Member State	NO	Valletta	Europe	Southern Europe		Europe
ME	MNE	2647	MNE	الجبل الأسود	Montenegro	Montenegro	Monténégro	Montenegro	Черногория	黑山	Member State	NO	Podgorica	Europe	Southern Europe		Europe
EE	EST	78	EST	إستونيا	Estonia	Estonia	Estonie	Estónia	Эстония	爱沙尼亚	Member State	NO	Tallinn	Europe	Northern Europe		Europe
MK	MKD	241	MKD	جمهورية مقدونيا اليوغوسلافية السابقة	The former Yugoslav Republic of Macedonia	la ex República Yugoslava de Macedonia	l'ex-République yougoslave de Macédoine	Macedónia	бывшая югославская Республика Македония	前南斯拉夫的马其顿共和国	Member State	NO	Skopje	Europe	Southern Europe		Europe
GR	GRC	97	GRC	اليونان	Greece	Grecia	Grèce	Grécia	Греция	希 腊	Member State	NO	Athens	Europe	Southern Europe		Europe
BY	BLR	26	BLR	بيلاروس	Belarus	Belarús	Bélarus	Bielorrússia	Беларусь	白俄罗斯	Member State	NO	Minsk	Europe	Eastern Europe		Europe
PT	PRT	199	PRT	البرتغال	Portugal	Portugal	Portugal	Portugal	Португалия	葡萄牙	Member State	NO	Lisbon	Europe	Southern Europe		Europe
MW	MWI	152	MWI	ملاوي	Malawi	Malawi	Malawi	Malawi	Малави	马拉维	Member State	NO	Lilongwe	Africa	Eastern Africa		Africa
BN	BRN	40	BRN	برونى دار السلام	Brunei Darussalam	Brunei Darussalam	Brunéi Darussalam	Brunei	Бруней-Даруссалам	文莱达鲁萨兰国	Member State	NO	Bandar Seri Begawan	Asia	South-Eastern Asia		Asia
PH	PHL	196	PHL	الفلبين	Philippines	Filipinas	Philippines	Filipinas	Филиппины	菲律宾	Member State	NO	Manila	Asia	South-Eastern Asia		Asia
ID	IDN	116	IDN	إندونيسيا	Indonesia	Indonesia	Indonésie	Indonésia	Индонезия	印度尼西亚	Member State	NO	Jakarta	Asia	South-Eastern Asia		Asia
LT	LTU	147	LTU	ليتوانيا	Lithuania	Lituania	Lituanie	Lituânia	Литва	立陶宛	Member State	NO	Vilnius	Europe	Northern Europe		Europe
LV	LVA	140	LVA	لاتفيا	Latvia	Letonia	Lettonie	Letônia	Латвия	拉脱维亚	Member State	NO	Riga	Europe	Northern Europe		Europe
IS	ISL	114	ISL	آيسلندا	Iceland	Islandia	Islande	Islândia	Исландия	冰 岛	Member State	NO	Reykjavík	Europe	Northern Europe		Europe
GB	GBR	256	GBR	المملكة المتحدة	United Kingdom	Reino Unido	Royaume-Uni	Reino Unido	Соединенное Королевство	联合王国	Member State	NO	London	Europe	Northern Europe		Europe
FI	FIN	84	FIN	فنلندا	Finland	Finlandia	Finlande	Finlândia	Финляндия	芬 兰	Member State	NO	Helsinki	Europe	Northern Europe		Europe
SM	SMR	213	SMR	سان مارينو	San Marino	San Marino	Saint-Marin	São Marino	Сан-Марино	圣马力诺	Member State	NO	San Marino	Europe	Southern Europe		Europe
IT	ITA	122	ITA	إيطاليا	Italy	Italia	Italie	Itália	Италия	意大利	Member State	NO	Rome	Europe	Southern Europe		Europe
RS	SRB	2648	SRB	صربيا	Serbia	Serbia	Serbie 	Sérvia	Сербия	塞尔维亚	Member State	NO	Belgrade	Europe	Southern Europe		Europe
AD	AND	7	AND	أندورا	Andorra	Andorra	Andorre	Andorra	Андорра	安道尔	Member State	NO	Andorra la Vella	Europe	Southern Europe		Europe
MC	MCO	166	MCO	موناكو	Monaco	Mónaco	Monaco	Mónaco	Монако	摩纳哥	Member State	NO	Monaco	Europe	Western Europe		Europe
RU	RUS	204	RUS	الاتحاد الروسي	Russian Federation	Federación de Rusia	Fédération de Russie	Rússia	Российская Федерация	俄罗斯联邦	Member State	NO	Moskva	Europe	Eastern Europe		Europe
CL	CHL	51	CHL	شيلى	Chile	Chile	Chili	Chile	Чили	智 利	Member State	NO	Santiago	Americas	South America		South America
TM	TKM	250	TKM	تركمانستان	Turkmenistan	Turkmenistán	Turkménistan	Turquemenistão	Туркменистан	土库曼斯坦	Member State	NO	Ashgabat	Asia	Central Asia		Asia
NO	NOR	186	NOR	النرويج	Norway	Noruega	Norvège	Noruega	Норвегия	挪 威	Member State	NO	Oslo	Europe	Northern Europe		Europe
IM	IMN	120	GBR	جزيرة مان	Isle of Man	Isla de Man	Île de Man	Ilha de Man	Остров Мэн	Isle of Man	UK territory	NO		Europe	Northern Europe		Europe
NR	NRU	173	NRU	ناورو	Nauru	Nauru	Nauru	Nauru	Науру	瑙 鲁	Member State	NO		Oceania	Micronesia		Oceania
FM	FSM	163	FSM	ميكرونيزيا	Micronesia (Federated States of)	Micronesia (Estados Federados de)	Micronésie (États fédérés de)	Estados Federados da Micronésia	Микронезия (Федеративные Штаты)	密克罗尼西亚(联邦)	Member State	NO	Palikir	Oceania	Micronesia		Oceania
KI	KIR	135	KIR	كيريباس	Kiribati	Kiribati	Kiribati	Kiribati	Кирибати	基里巴斯	Member State	NO	Tarawa	Oceania	Micronesia		Oceania
WS	WSM	212	WSM	ساموا	Samoa	Samoa	Samoa	Samoa	Самоа	萨摩亚	Member State	NO	Apia	Oceania	Polynesia		Oceania
LK	LKA	231	LKA	سري لانكا	Sri Lanka	Sri Lanka	Sri Lanka	Sri Lanka	Шри-Ланка	斯里兰卡	Member State	NO	Sri Jayewardenepura Ko	Asia	Southern Asia		Asia
BT	BTN	31	BTN	بوتان	Bhutan	Bhután	Bhoutan	Butão	Бутан	不 丹	Member State	NO	Thimphu	Asia	Southern Asia		Asia
BD	BGD	23	BGD	بنغلاديش	Bangladesh	Bangladesh	Bangladesh	Bangladesh	Бангладеш	孟加拉国	Member State	NO	Dhaka	Asia	Southern Asia		Asia
TR	TUR	249	TUR	تركيا	Turkey	Turquía	Turquie	Turquia	Турция	土耳其	Member State	NO	Ankara	Asia	Western Asia		Asia
GI	GIB	95	GBR	جبل طارق	Gibraltar	Gibraltar	Gibraltar	Gibraltar	Гибралтар	直布罗陀	UK Non-Self-Governing Territory	NO	Gibraltar	Europe	Southern Europe		Europe
ES	ESP	229	ESP	إسبانيا	Spain	España	Espagne	Espanha	Испания	西班牙	Member State	NO	Madrid	Europe	Southern Europe		Europe
BA	BIH	34	BIH	البوسنة والهرسك	Bosnia and Herzegovina	Bosnia y Herzegovina	Bosnie-Herzégovine	Bósnia e Herzegovina	Босния и Герцеговина	波斯尼亚－黑塞哥维那	Member State	NO	Sarajevo	Europe	Southern Europe		Europe
SK	SVK	223	SVK	سلوفاكيا	Slovakia	Eslovaquia	Slovaquie	Eslováquia	Словакия	斯洛伐克	Member State	NO	Bratislava	Europe	Eastern Europe		Europe
CZ	CZE	65	CZE	الجمهورية التشيكية	Czech Republic	República Checa	République tchèque	República Checa	Чешская республика	捷克共和国	Member State	NO	Prague	Europe	Eastern Europe		Europe
TO	TON	245	TON	تونغا	Tonga	Tonga	Tonga	Tonga	Тонга	汤 加	Member State	NO	Nuku'alofa	Oceania	Polynesia		Oceania
CK	COK	60	NZL	جزر كوك	Cook Islands	Islas Cook	Îles Cook	Ilhas Cook	Острова Кука	库克群岛	NZ Territory	NO	Avarua	Oceania	Polynesia		Oceania
PN	PCN	197	GBR	جزر بيتكيرن	Pitcairn Islands	Islas Pitcairn	Îles Pitcairn	Pitcairn	Острова Питкэрн	皮特克恩岛	UK Non-Self-Governing Territory	NO	Adamstown	Oceania	Polynesia		Oceania
SZ	SWZ	235	SWZ	سوازيلند	Swaziland	Swazilandia	Swaziland	Suazilândia	Свазиленд	斯威士兰	Member State	NO	Mbabane (adm.)	Africa	Southern Africa		Africa
BW	BWA	35	BWA	بوتسوانا	Botswana	Botswana	Botswana	Botswana	Ботсвана	博茨瓦纳	Member State	NO	Gaborone	Africa	Southern Africa		Africa
SH	SHN	207	GBR	سانت هيلينا	Saint Helena, Ascension and Tristan da Cunha	Santa Elena, Ascension y Tristan da Cunha	Sainte-Hélène, Ascension et Tristan de Cunha	Santa Helena, Ascensão e Tristão da Cunha	острова Святой Елены Вознесения и Тристан-да-Кунья	圣赫勒拿	UK Non-Self-Governing Territory	NO		Africa	Western Africa		Africa
TG	TGO	243	TGO	توغو	Togo	Togo	Togo	Togo	Того	多 哥	Member State	NO	Lomé	Africa	Western Africa		Africa
WF	WLF	266	FRA	جزر واليس وفوتونا	Wallis and Futuna Islands	Islas Wallis y Futuna	Îles Wallis et Futuna	Wallis e Futuna	острова Уоллис и Футуна	瓦利斯和富图纳群岛	FR Territory	NO	Mata-Utu	Oceania	Polynesia		Oceania
SG	SGP	222	SGP	سنغافورة	Singapore	Singapur	Singapour	Singapura	Сингапур	新加坡	Member State	NO	Singapore	Asia	South-Eastern Asia		Asia
BG	BGR	41	BGR	بلغاريا	Bulgaria	Bulgaria	Bulgarie	Bulgária	Болгария	保加利亚	Member State	NO	Sofia	Europe	Eastern Europe		Europe
TV	TUV	252	TUV	توفالو	Tuvalu	Tuvalu	Tuvalu	Tuvalu	Тувалу	图瓦卢	Member State	NO	Funafuti	Oceania	Polynesia		Oceania
13	KEN	61013	KEN		Ilemi triangle						Sovereignty unsettled	YES		Africa	Northern Africa	Not classified in the UN classification 2005	Africa
AF	AFG	1	AFG	أفغانستان	Afghanistan	Afganistán	Afghanistan	Afeganistão	Афганистан	阿富汗	Member State	NO	Kabul	Asia	Southern Asia		Asia
VN	VNM	264	VNM	فييت نام	Viet Nam	Viet Nam	Viet Nam	Vietname	Вьетнам	越 南	Member State	NO	Hanoi	Asia	South-Eastern Asia		Asia
LA	LAO	139	LAO	جمهورية لاو الديمقراطية الشعبية	Lao People's Democratic Republic	República Democrática Popular Lao	République démocratique populaire lao	Laos	Лаосская Народно-Демократическая Республика	老挝人民民主共和国	Member State	NO	Vientiane	Asia	South-Eastern Asia		Asia
MY	MYS	153	MYS	ماليزيا	Malaysia	Malasia	Malaisie	Malásia	Малайзия	马来西亚	Member State	NO	Kuala Lumpur	Asia	South-Eastern Asia		Asia
KW	KWT	137	KWT	الكويت	Kuwait	Kuwait	Koweït	Kuwait	Кувейт	科威特	Member State	NO	Kuwait	Asia	Western Asia		Asia
BH	BHR	21	BHR	البحرين	Bahrain	Bahrein	Bahreïn	Bahrein	Бахрейн	巴 林	Member State	NO	Manama	Asia	Western Asia		Asia
AZ	AZE	19	AZE	أذربيجان	Azerbaijan	Azerbaiyán	Azerbaïdjan	Azerbaijão	Азербайджан	阿塞拜疆	Member State	NO	Baku	Asia	Western Asia		Asia
AM	ARM	13	ARM	أرمينيا	Armenia	Armenia	Arménie	Arménia	Армения	亚美尼亚	Member State	NO	Yerevan	Asia	Western Asia		Asia
AE	ARE	255	ARE	الإمارات العربية المتحدة	United Arab Emirates	Emiratos Árabes Unidos	Émirats arabes unis	Emirados Árabes Unidos	Объединенные Арабские Эмираты	阿拉伯联合酋长国	Member State	NO	Abu Dhabi	Asia	Western Asia		Asia
MD	MDA	165	MDA	جمهورية مولدوفا	Republic of Moldova	República de Moldova	République de Moldova	Moldávia	Республика Молдова	摩尔多瓦共和国	Member State	NO	Chisinau	Europe	Eastern Europe		Europe
PL	POL	198	POL	بولندا	Poland	Polonia	Pologne	Polónia	Польша	波 兰	Member State	NO	Warsaw	Europe	Eastern Europe		Europe
RO	ROU	203	ROU	رومانيا	Romania	Rumania	Roumanie	Roménia	Румыния	罗马尼亚	Member State	NO	Bucharest	Europe	Eastern Europe		Europe
UA	UKR	254	UKR	أوكرانيا	Ukraine	Ucrania	Ukraine	Ucrânia	Украина	乌克兰	Member State	NO	Kyïv	Europe	Eastern Europe		Europe
NU	NIU	183	NZL	نيوى	Niue	Niue	Nioué	Niue	Ниуэ	纽 埃	NZ Territory	NO	Alofi	Oceania	Polynesia		Oceania
GQ	GNQ	76	GNQ	غينيا الاستوائية	Equatorial Guinea	Guinea Ecuatorial	Guinée équatoriale	Guiné Equatorial	Экваториальная Гвинея	赤道几内亚	Member State	NO	Malabo	Africa	Middle Africa		Africa
CX	CXR	54	AUS	جزر كريسماس	Christmas Island	Isla Christmas	Île Christmas	Ilha do Natal	остров Рождества	圣诞岛	AU Territory	NO	The Settlement	Asia	South-Eastern Asia		Asia
MH	MHL	157	MHL	جزر مارشال	Marshall Islands	Islas Marshall	Îles Marshall	Ilhas Marshall	Маршалловы Острова	马绍尔群岛	Member State	NO	Majuro	Oceania	Micronesia		Oceania
WK	WAK	265	USA	جزيرة ويك	Wake Island	Isla Wake	Îles Wake	País de Gales	остров Уэйк	威克岛（美国）	US Territory	NO		Oceania	Micronesia		Oceania
AS	ASM	5	USA	ساموا الأمريكية	American Samoa	Samoa Americana	Samoa américaines	Samoa Americana	Американское Самоа	美属萨摩亚	US Non-Self-Governing Territory	NO	Pago Pago	Oceania	Polynesia		Oceania
PF	PYF	87	FRA	بولينيزيا الفرنسية	French Polynesia	Polinesia Francesa	Polynésie française	Polinésia Francesa	Французская Полинезия	法属波利尼西亚	FR Territory	NO	Papeete	Oceania	Polynesia		Oceania
TK	TKL	244	GBR	جزر توكيلاو	Tokelau	Tokelau	Tokélaou	Toquelau	Токелау	托克劳	NZ Non-Self-Governing Territory	NO		Oceania	Polynesia		Oceania
OM	OMN	187	OMN	عمان	Oman	Omán	Oman	Omã	Оман	阿 曼	Member State	NO	Muscat	Asia	Western Asia		Asia
HM	HMD	109	HMD		Heard Island and McDonald Islands						AU Territory	NO		Antarctica	Antarctica		Antarctica
BV	BVT	36	NOR		Bouvet Island						NO Territory	NO		Antarctica	Antarctica		Antarctica
SJ	SJM	234	NOR	جزر سفالبارد وجان مايين	Svalbard and Jan Mayen Islands	Islas Svalbard y Jan Mayen	Îles Svalbard et Jan Mayen	Svalbard e Jan Mayen	Острова Свальбард и Ян-Майен	斯瓦尔巴特群岛	NO Territory	NO	Longyearbyen	Europe	Northern Europe		Europe
10	XXX	40760	SDN		Hala'ib triangle						Sovereignty unsettled	YES		Africa	Northern Africa	Not classified in the UN classification 2005	Africa
09	XXX	230	XXX		Spratly Islands						Sovereignty unsettled	YES		Asia	South-Eastern Asia		Asia
CG	COG	59	COG	الكونغو	Congo	Congo	Congo	República do Congo	Конго	刚 果	Member State	NO	Brazzaville	Africa	Middle Africa		Africa
BI	BDI	43	BDI	بوروندي	Burundi	Burundi	Burundi	Burundi	Бурунди	布隆迪	Member State	NO	Bujumbura	Africa	Eastern Africa		Africa
DZ	DZA	4	DZA	الجزائر	Algeria	Argelia	Algérie	Argélia	Алжир	阿尔及利亚	Member State	NO	Algiers	Africa	Northern Africa	Not classified in the UN classification 2005	Africa
MM	MMR	171	MMR	ميانمار	Myanmar	Myanmar	Myanmar	Myanmar	Мьянма	缅 甸	Member State	NO	Yangon	Asia	South-Eastern Asia		Asia
KH	KHM	44	KHM	كمبوديا	Cambodia	Camboya	Cambodge	Camboja	Камбоджа	柬埔寨	Member State	NO	Phnom Penh	Asia	South-Eastern Asia		Asia
MP	MNP	185	USA	جزر ماريانا الشمالية	Northern Mariana Islands	Islas Marianas septentrionales	Îles Mariannes du Nord	Marianas Setentrionais	Содружество Северных Марианских островов	北马里亚纳群岛	US Territory	NO	Saipan	Oceania	Micronesia		Oceania
YT	MYT	161	FRA	مايوت	Mayotte	Mayotte	Mayotte	Mayotte	Майотта	Mayotte	FR Territory	NO	Mamoudzou	Africa	Eastern Africa		Africa
SY	SYR	238	SYR	الجمهورية العربية السورية	Syrian Arab Republic	República Árabe Siria	République arabe syrienne	Síria	Сирийская Арабская Республика	阿拉伯叙利亚共和国	Member State	NO	Damascus	Asia	Western Asia		Asia
TD	TCD	50	TCD	تشاد	Chad	Chad	Tchad	Chade	Чад	乍 得	Member State	NO	N'Djamena	Africa	Middle Africa		Africa
MZ	MOZ	170	MOZ	موزامبيق	Mozambique	Mozambique	Mozambique	Moçambique	Мозамбик	莫桑比克	Member State	NO	Maputo	Africa	Eastern Africa		Africa
MO	MAC	149	CHN		Macau						CN Special Administrative Region	NO	Macau	Asia	Eastern Asia	Not classified in the UN classification 2005	Asia
LB	LBN	141	LBN	لبنان	Lebanon	Líbano	Liban	Líbano	Ливан	黎巴嫩	Member State	NO	Beirut	Asia	Western Asia		Asia
HK	HKG	33364	CHN		Hong Kong						CN Special Administrative Region	NO	Hong Kong	Asia	Eastern Asia	Not classified in the UN classification 2005	Asia
MU	MUS	160	MUS	موريشيوس	Mauritius	Mauricio	Maurice	Maurícia	Маврикий	毛里求斯	Member State	NO	Port Louis	Africa	Eastern Africa		Africa
ST	STP	214	STP	سان تومي وبرنسيبي	Sao Tome and Principe	Santo Tomé y Príncipe	Sao Tomé-et-Principe	São Tomé e Príncipe	Сан-Томе и Принсипи	圣多美和普林西比	Member State	NO	S?o Tomé	Africa	Middle Africa		Africa
EH	ESH	268	XXX	الصحراء الغربية	Western Sahara	Sáhara occidental	Sahara occidental	Saara Ocidental	Западная Сахара	西撒哈拉	Non-Self-Governing Territory	NO		Africa	Northern Africa	Not classified in the UN classification 2005	Africa
IE	IRL	119	IRL	آيرلندا	Ireland	Irlanda	Irlande	Irlanda	Ирландия	爱尔兰	Member State	NO	Dublin	Europe	Northern Europe		Europe
QA	QAT	201	QAT	قطر	Qatar	Qatar	Qatar	Catar	Катар	卡塔尔	Member State	NO	Doha	Asia	Western Asia		Asia
TH	THA	240	THA	تايلند	Thailand	Tailandia	Thaïlande	Tailândia	Таиланд	泰 国	Member State	NO	Bangkok	Asia	South-Eastern Asia		Asia
JO	JOR	130	JOR	الأردن	Jordan	Jordania	Jordanie	Jordânia	Иордания	约 旦	Member State	NO	Amman	Asia	Western Asia		Asia
GA	GAB	89	GAB	غابون	Gabon	Gabón	Gabon	Gabão	Габон	加 蓬	Member State	NO	Libreville	Africa	Middle Africa		Africa
ML	MLI	155	MLI	مالي	Mali	Malí	Mali	Mali	Мали	马 里	Member State	NO	Bamako	Africa	Western Africa		Africa
YE	YEM	269	YEM	اليمن	Yemen	Yemen	Yémen	Iémen/Iêmen	Йемен	也 门	Member State	NO	Sanaa	Asia	Western Asia		Asia
JP	JPN	126	JPN	اليابان	Japan	Japón	Japon	Japão	Япония	日 本	Member State	NO	Tokyo	Asia	Eastern Asia	Not classified in the UN classification 2005	Asia
CC	CCK	56	AUS	جزر كوكوس (كيلنغ)	Cocos (Keeling) Islands	Islas Cocos (Keeling)	Îles des Cocos (Keeling)	Ilhas Cocos (Keeling)	Кокосовые острова (Килинг)	可可群岛	AU Territory	NO	West Island	Asia	South-Eastern Asia		Asia
NZ	NZL	179	NZL	نيوزيلندا	New Zealand	Nueva Zelandia	Nouvelle-Zélande	Nova Zelândia	Новая Зеландия	新西兰	Member State	NO	Wellington	Oceania	Australia and New Zealand		Oceania
DK	DNK	69	DNK	الدانمرك	Denmark	Dinamarca	Danemark	Dinamarca	Дания	丹 麦	Member State	NO	Copenhagen	Europe	Northern Europe		Europe
JE	JEY	128	GBR		Jersey						UK Territory	NO	St. Helier	Europe	Northern Europe		Europe
SB	SLB	225	SLB	جزر سليمان	Solomon Islands	Islas Salomón	Îles Salomon	Ilhas Salomão	Соломоновы Острова	所罗门群岛	Member State	NO	Honiara	Oceania	Melanesia		Oceania
NC	NCL	178	FRA	كاليدونيا الجديدة	New Caledonia	Nueva Caledonia	Nouvelle-Calédonie	Nova Caledônia	Новая Каледония	新喀里多尼亚	FR Non-Self-Governing Territory	NO	Nouméa	Oceania	Melanesia		Oceania
FJ	FJI	83	FJI	فيجي	Fiji	Fiji	Fidji	Fiji	Фиджи	斐 济	Member State	NO	Suva	Oceania	Melanesia		Oceania
SA	SAU	215	SAU	المملكة العربية السعودية	Saudi Arabia	Arabia Saudita	Arabie saoudite	Arábia Saudita	Саудовская Аравия	沙特阿拉伯	Member State	NO	Riyadh	Asia	Western Asia		Asia
GU	GUM	101	USA	جوام	Guam	Guam	Guam	Guam	Гуам	关岛	US Non-Self-Governing Territory	NO	Agana	Oceania	Micronesia		Oceania
LY	LBY	145	LBY	الجماهيرية العربية الليبية	Libya	Libia	Libye	Líbia	Ливия	阿拉伯利比亚民众国	Member State	NO	Tripoli	Africa	Northern Africa	Not classified in the UN classification 2005	Africa
EG	EGY	40765	EGY	مصر	Egypt	Egipto	Égypte	Egito	Египет	埃 及	Member State	NO	Cairo	Africa	Northern Africa	Not classified in the UN classification 2005	Africa
TN	TUN	248	TUN	تونس	Tunisia	Túnez	Tunisie	Tunísia	Тунис	突尼斯	Member State	NO	Tunis	Africa	Northern Africa	Not classified in the UN classification 2005	Africa
AU	AUS	17	AUS	أستراليا	Australia	Australia	Australie	Austrália	Австралия	澳大利亚	Member State	NO	Canberra	Oceania	Australia and New Zealand		Oceania
MA	MAR	169	MAR	المغرب	Morocco	Marruecos	Maroc	Marrocos	Марокко	摩洛哥	Member State	NO	Rabat	Africa	Northern Africa	Not classified in the UN classification 2005	Africa
FR	FRA	85	FRA	فرنسا	France	Francia	France	França	Франция	法 国	Member State	NO	Paris	Europe	Western Europe		Europe
RE	REU	206	FRA	رييونيون	Réunion	Reunión	Réunion	Reunião	Реюньон	留尼汪	FR Territory	NO	Saint-Denis	Africa	Eastern Africa		Africa
BJ	BEN	29	BEN	بنن	Benin	Benin	Bénin	Benim	Бенин	贝 宁	Member State	NO	Porto-Novo (constituti	Africa	Western Africa		Africa
SI	SVN	224	SVN	سلوفينيا	Slovenia	Eslovenia	Slovénie	Eslovênia	Словения	斯洛文尼亚	Member State	NO	Ljubljana	Europe	Southern Europe		Europe
LI	LIE	146	LIE	لختنشتاين	Liechtenstein	Liechtenstein	Liechtenstein	Liechtenstein	Лихтенштейн	列支敦士登	Member State	NO	Vaduz	Europe	Western Europe		Europe
DE	DEU	93	DEU	ألمانيا	Germany	Alemania	Allemagne	Alemanha	Германия	德 国	Member State	NO	Berlin	Europe	Western Europe		Europe
CH	CHE	237	CHE	سويسرا	Switzerland	Suiza	Suisse	Suíça	Швейцария	瑞 士	Member State	NO	Bern	Europe	Western Europe		Europe
BE	BEL	27	BEL	بلجيكا	Belgium	Bélgica	Belgique	Bélgica	Бельгия	比利时	Member State	NO	Brussels	Europe	Western Europe		Europe
AT	AUT	18	AUT	النمسا	Austria	Austria	Autriche	Áustria	Австрия	奥地利	Member State	NO	Vienna	Europe	Western Europe		Europe
NF	NFK	184	AUS	جزيرة نورفولك، مناطق تابعة لجزيرة لنورفولك	Norfolk Island	Isla Norfolk	Île Norfolk	Ilha Norfolk	Остров Норфолк	诺福克岛	AU Territory	NO	Kingston	Oceania	Australia and New Zealand		Oceania
CV	CPV	47	CPV	الرأس الأخضر	Cape Verde	Cabo Verde	Cap-Vert	abo Verde Cabo Verde	Кабо-Верде	佛得角	Member State	NO	Praia	Africa	Western Africa		Africa
PG	PNG	192	PNG	بابوا غينيا الجديدة	Papua New Guinea	Papua Nueva Guinea	Papouasie-Nouvelle-Guinée	Papua-Nova Guiné	Папуа-Новая Гвинея	巴布亚新几内亚	Member State	NO	Port Moresby	Oceania	Melanesia		Oceania
VU	VUT	262	VUT	فانواتو	Vanuatu	Vanuatu	Vanuatu	Vanuatu	Вануату	瓦努阿图	Member State	NO	Port-Vila	Oceania	Melanesia		Oceania
HU	HUN	113	HUN	هنغاريا	Hungary	Hungría	Hongrie	Hungria	Венгрия	匈牙利	Member State	NO	Budapest	Europe	Eastern Europe		Europe
CD	COD	68	COD	جمهورية الكونغو الديمقراطية	Democratic Republic of the Congo	República Democrática del Congo	République démocratique du Congo	República Democrática do Congo	Демократическая Республика Конго	刚果民主共和国	Member State	NO	Kinshasa	Africa	Middle Africa		Africa
CM	CMR	45	CMR	الكاميرون	Cameroon	Camerún	Cameroun	Camarões	Камерун	喀麦隆	Member State	NO	Yaoundé	Africa	Middle Africa		Africa
CF	CAF	49	CAF	جمهورية أفريقيا الوسطى	Central African Republic	República Centroafricana	République centrafricaine	República Centro-Africana	Центральноафриканская Республика	中非共和国	Member State	NO	Bangui	Africa	Middle Africa		Africa
AO	AGO	8	AGO	أنغولا	Angola	Angola	Angola	Angola	Ангола	安哥拉	Member State	NO	Luanda	Africa	Middle Africa		Africa
CN	CHN	147295	CHN		China						Member State	NO	Beijing	Asia	Eastern Asia	Not classified in the UN classification 2005	Asia
GN	GIN	106	GIN	غينيا	Guinea	Guinea	Guinée	Guiné	Гвинея	几内亚	Member State	NO	Conakry	Africa	Western Africa		Africa
GH	GHA	94	GHA	غانا	Ghana	Ghana	Ghana	Gana	Гана	加 纳	Member State	NO	Accra	Africa	Western Africa		Africa
CI	CIV	66	CIV	كوت ديفوار	Côte d'Ivoire	Côte d'Ivoire	Côte d'Ivoire	Costa do Marfim	Кот-д`Ивуар	科特迪瓦	Member State	NO	Yamoussoukro	Africa	Western Africa		Africa
BF	BFA	42	BFA	بوركينا فاسو	Burkina Faso	Burkina Faso	Burkina Faso	Burkina Faso	Буркина-Фасо	布基纳法索	Member State	NO	Ouagadougou	Africa	Western Africa		Africa
GG	GGY	104	GBR		Guernsey						UK Territory	NO		Europe	Northern Europe		Europe
IQ	IRQ	118	IRQ	العراق	Iraq	Iraq	Iraq	Iraque	Ирак	伊拉克	Member State	NO	Baghdad	Asia	Western Asia		Asia
KZ	KAZ	132	KAZ	كازاخستان	Kazakhstan	Kazajstán	Kazakhstan	Cazaquistão	Казахстан	哈萨克斯坦	Member State	NO	Astana	Asia	Central Asia		Asia
MN	MNG	167	MNG	منغوليا	Mongolia	Mongolia	Mongolie	Mongólia	Монголия	蒙 古	Member State	NO	Ulaanbaatar	Asia	Eastern Asia	Not classified in the UN classification 2005	Asia
KR	KOR	202	KOR	جمهورية كوريا	Republic of Korea	República de Corea	République de Corée	Coreia do Sul	Республика Корея	大韩民国	Member State	NO	Seoul	Asia	Eastern Asia	Not classified in the UN classification 2005	Asia
IL	ISR	121	ISR	إسرائيل	Israel	Israel	Israël	Israel	Израиль	以色列	Member State	NO		Asia	Western Asia		Asia
SL	SLE	221	SLE	سيراليون	Sierra Leone	Sierra Leona	Sierra Leone	Serra Leoa	Сьерра-Леоне	塞拉利昂	Member State	NO	Freetown	Africa	Western Africa		Africa
AL	ALB	3	ALB	ألبانيا	Albania	Albania	Albanie	Albânia	Албания	阿尔巴尼亚	Member State	NO	Tirana	Europe	Southern Europe		Europe
NL	NLD	177	NLD	هولندا	Netherlands	Países Bajos	Pays-Bas	Países Baixos	Нидерланды	荷 兰	Member State	NO	Amsterdam	Europe	Western Europe		Europe
TL	TLS	242	TLS	تيمور- ليشتى	Timor-Leste	Timor-Leste	Timor-Leste	Timor-Leste	Тимор-Лешти	东帝汶	Member State	NO	Dili	Asia	South-Eastern Asia		Asia
MV	MDV	154	MDV	ملديف	Maldives	Maldivas	Maldives	Maldivas	Мальдивы	马尔代夫	Member State	NO	Male	Asia	Southern Asia		Asia
PK	PAK	188	PAK	باكستان	Pakistan	Pakistán	Pakistan	Paquistão	Пакистан	巴基斯坦	Member State	NO	Islamabad	Asia	Southern Asia		Asia
PW	PLW	189	PLW	بالاو	Palau	Palau	Palaos	Palau	Палау	帕 劳	Member State	NO	Koror	Oceania	Micronesia		Oceania
SS	SSD	74			South Sudan	Sudán del Sur	Soudan du Sud	Sudão do Sul	Южный Судан		Member State	NO	Juba	Africa	Eastern Africa		Africa
06	XXX	193	XXX		Paracel Islands						Sovereignty unsettled	YES		Asia	South-Eastern Asia		Asia
KG	KGZ	138	KGZ	قيرغيزستان	Kyrgyzstan	Kirguistán	Kirghizistan	Quirguistão	Кыргызстан	吉尔吉斯斯坦	Member State	NO	Bishkek	Asia	Central Asia		Asia
TW	CHN	147296	CHN		Taiwan						CN Province	NO	Beijing	Asia	Eastern Asia	Not classified in the UN classification 2005	Asia
PS	XXX	267	XXX		Occupied Palestinan Territory			Território Palestino Ocupado			Occupied Palestinian Territory	NO		Asia	Western Asia		Asia
AQ	ATA	10	ATA	أنتارتيكا	Antarctica	Antártida	Antarctique	Antártida	Антарктика	南极洲		NO		Antarctica	Antarctica		Antarctica
GS	SGS	228	GBR		South Georgia and the South Sandwich Islands						UK Territory	NO		Antarctica	Antarctica		Antarctica
04		102			Abyei						Sovereignty unsettled	YES		Africa			Africa
11	XXX	40762	EGY		Ma'tan al-Sarra						Sovereignty unsettled	YES		Africa	Northern Africa	Not classified in the UN classification 2005	Africa
TF	ATF	88	FRA	أراضى جنوبى فرنسا	French Southern and Antarctic Territories	Tierras Australes y Antárticas Francesas	Terres australes et antarctiques françaises	Terras Austrais e Antárticas Francesas	Французские южные и антарктические территории	法国南部领	FR Territory	NO		Antarctica	Antarctica		Antarctica
12	XXX	40781	XXX		Jammu and Kashmir						Sovereignty unsettled	YES		Asia	Eastern Asia	Not classified in the UN classification 2005	Asia
03	XXX	52	XXX		China/India						Sovereignty unsettled	YES		Asia	Eastern Asia	Not classified in the UN classification 2005	Asia
05	RUS	136	RUS		Kuril islands						Sovereignty unsettled	YES		Asia	Eastern Asia	Not classified in the UN classification 2005	Asia
07	XXX	216	XXX		Scarborough Reef						Sovereignty unsettled	YES		Asia	South-Eastern Asia		Asia
08	XXX	218	XXX		Senkaku Islands						Sovereignty unsettled	YES		Asia	Eastern Asia	Not classified in the UN classification 2005	Asia
01	XXX	2	XXX		Aksai Chin						Sovereignty unsettled	YES		Asia	Eastern Asia	Not classified in the UN classification 2005	Asia
02	IND	15	IND		Arunachal Pradesh						Sovereignty unsettled	YES		Asia	Eastern Asia	Not classified in the UN classification 2005	Asia
PM	SPM	210	FRA	سان بيير ومكويلون	Saint Pierre and Miquelon	Saint-Pierre y Miquelon	Saint-Pierre-et-Miquelon	Saint-Pierre e Miquelon	Сен-Пьер и Микелон	圣皮埃尔和密克隆	FR Territory	NO	Saint-Pierre	Americas	Northern America	Not classified in the UN classification 2005	Northern America
BM	BMU	30	GBR	برمودا	Bermuda	Bermudas	Bermudes	Bermudas	Бермуды	百慕大	UK Non-Self-Governing Territory	NO	Hamilton	Americas	Northern America	Not classified in the UN classification 2005	Northern America
CA	CAN	46	CAN	كندا	Canada	Canadá	Canada	Canadá	Канада	加拿大	Member State	NO	Ottawa	Americas	Northern America	Not classified in the UN classification 2005	Northern America
US	USA	259	USA	الولايات المتحدة الأمريكية	United States of America	Estados Unidos de América	États-Unis d'Amérique	Estados Unidos	Соединенные Штаты Америки	美 国	Member State	NO	Washington, D.C.	Americas	Northern America	Not classified in the UN classification 2005	Northern America
UM	MID	164	USA		United States Minor Outlying Islands			Ilhas Menores Distantes dos Estados Unidos			US Territory	NO		Americas	Northern America	Not classified in the UN classification 2005	Northern America
CR	CRI	61	CRI	كوستاريكا	Costa Rica	Costa Rica	Costa Rica	Costa Rica	Коста-Рика	哥斯达黎加	Member State	NO	San José	Americas	Central America		Northern America
HN	HND	111	HND	هندوراس	Honduras	Honduras	Honduras	Honduras	Гондурас	洪都拉斯	Member State	NO	Tegucigalpa	Americas	Central America		Northern America
GT	GTM	103	GTM	غواتيمالا	Guatemala	Guatemala	Guatemala	Guatemala	Гватемала	危地马拉	Member State	NO	Guatemala	Americas	Central America		Northern America
NI	NIC	180	NIC	نيكاراغوا	Nicaragua	Nicaragua	Nicaragua	Nicarágua	Никарагуа	尼加拉瓜	Member State	NO	Managua	Americas	Central America		Northern America
MX	MEX	162	MEX	المكسيك	Mexico	México	Mexique	México	Мексика	墨西哥	Member State	NO	México	Americas	Central America		Northern America
PA	PAN	191	PAN	بنما	Panama	Panamá	Panama	Panamá	Панама	巴拿马	Member State	NO	Panamá	Americas	Central America		Northern America
SV	SLV	75	SLV	السلفادور	El Salvador	El Salvador	El Salvador	El Salvador	Сальвадор	萨尔瓦多	Member State	NO	San Salvador	Americas	Central America		Northern America
BZ	BLZ	28	BLZ	بليز	Belize	Belice	Belize	Belize	Белиз	伯利兹	Member State	NO	Belmopan	Americas	Central America		Northern America
CP	FRA	55	FRA		Clipperton Island						FR Territory	NO		Americas	Central America		Northern America
KN	KNA	208	KNA	سانت كيتس ونيفيس	Saint Kitts and Nevis	Saint Kitts y Nevis	Saint-Kitts-et-Nevis	São Cristóvão e Nevis	Сент-Китс и Невис	圣基茨和尼维斯	Member State	NO	Basseterre	Americas	Caribbean		Northern America
DM	DMA	71	DMA	دومينيكا	Dominica	Dominica	Dominique	Dominica	Доминика	多米尼克	Member State	NO	Roseau	Americas	Caribbean		Northern America
DO	DOM	72	DOM	الجمهورية الدومينيكية	Dominican Republic	República Dominicana	République dominicaine	República Dominicana	Доминиканская Республика	多米尼加共和国	Member State	NO	Santo Domingo	Americas	Caribbean		Northern America
VC	VCT	211	VCT	سانت فنسنت وجزر غرينادين	Saint Vincent and the Grenadines	San Vicente y las Granadinas	Saint-Vincent-et-les Grenadines	São Vicente e Granadinas	Сент-Винсент и Гренадины	圣文森特和格林纳丁斯	Member State	NO	Kingstown	Americas	Caribbean		Northern America
VG	VGB	39	GBR	جزر فيرجين البريطانية	British Virgin Islands	Islas Vírgenes Británicas	Îles Vierges britanniques	Ilhas Virgens Britânicas	Британские Виргинские острова	英属维尔京群岛	UK Non-Self-Governing Territory	NO	Road Town	Americas	Caribbean		Northern America
BB	BRB	24	BRB	بربادوس	Barbados	Barbados	Barbade	Barbados	Барбадос	巴巴多斯	Member State	NO	Bridgetown	Americas	Caribbean		Northern America
PR	PRI	200	USA	بورتوريكو	Puerto Rico	Puerto Rico	Porto Rico	Porto Rico	Пуэрто-Рико	波多黎各	US Territory	NO	San Juan	Americas	Caribbean		Northern America
VI	VIR	258	USA	جزر فيرجين التابعة للولايات المتحدة	United States Virgin Islands	Islas Vírgenes (EE.UU.)	Îles Vierges américaines	Ilhas Virgens Americanas	Виргинские острова США	美属维尔京群岛	US Non-Self-Governing Territory	NO	Charlotte Amalie	Americas	Caribbean		Northern America
AW	ABW	14	NLD	أروبا	Aruba	Aruba	Aruba	Aruba	Аруба	阿鲁巴岛	NL Self-Governing Territory	NO	Oranjestad	Americas	Caribbean		Northern America
AI	AIA	9	GBR	أنغويلا	Anguilla	Anguila	Anguilla	Anguilla	Ангилья	安圭拉	UK Non-Self-Governing Territory	NO	The Valley	Americas	Caribbean		Northern America
HT	HTI	108	HTI	هايتي	Haiti	Haití	Haïti	Haiti	Гаити	海 地	Member State	NO	Port-au-Prince	Americas	Caribbean		Northern America
MS	MSR	168	GBR	مونسراط	Montserrat	Montserrat	Montserrat	Montserrat	Монтсеррат	蒙特塞拉	UK Non-Self-Governing Territory	NO	Plymouth	Americas	Caribbean		Northern America
GD	GRD	99	GRD	غرينادا	Grenada	Granada	Grenade	Granada	Гренада	格林纳达	Member State	NO	Saint George's	Americas	Caribbean		Northern America
KY	CYM	48	GBR	جزر كايمان	Cayman Islands	Islas Caimán	Îles Caïmanes	Ilhas Cayman	Каймановы острова	开曼群岛	UK Non-Self-Governing Territory	NO	George Town	Americas	Caribbean		Northern America
AN	ANT	176	NLD	جزر الأنتيل الهولندية	Netherlands Antilles	Antillas Neerlandesas	Antilles néerlandaises	Antilhas Holandesas	Голландские Антиллы	荷属安的列斯	NL Territory	NO	Willemstad	Americas	Caribbean		Northern America
BS	BHS	20	BHS	جزر البهاما	Bahamas	Bahamas	Bahamas	Bahamas	Багамские Острова	巴哈马	Member State	NO	Nassau	Americas	Caribbean		Northern America
TT	TTO	246	TTO	ترينيداد وتوباغو	Trinidad and Tobago	Trinidad y Tabago	Trinité-et-Tobago	Trinidad e Tobago	Тринидад и Тобаго	特立尼达和多巴哥	Member State	NO	Port of Spain	Americas	Caribbean		Northern America
LC	LCA	209	LCA	سانت لوسيا	Saint Lucia	Santa Lucía	Sainte-Lucie	Santa Lúcia	Сент-Люсия	圣卢西亚	Member State	NO	Castries	Americas	Caribbean		Northern America
AG	ATG	11	ATG	أنتيغوا وباربودا	Antigua and Barbuda	Antigua y Barbuda	Antigua-et-Barbuda	Antígua e Barbuda	Антигуа и Барбуда	安提瓜和巴布达	Member State	NO	St John's	Americas	Caribbean		Northern America
TC	TCA	251	GBR	جزر تركس وكايكوس	Turks and Caicos Islands	Islas Turcas y Caicos	Îles Turques et Caïques	Turcas e Caicos	острова Тёркс и Кайкос	特克斯和凯科斯群岛	UK Non-Self-Governing Territory	NO	Cockburn Town	Americas	Caribbean		Northern America
GP	GLP	100	FRA	غوادالوب	Guadeloupe	Guadalupe	Guadeloupe	Guadalupe	Гваделупа	瓜德罗普	FR Territory	NO	Basse-Terre	Americas	Caribbean		Northern America
AR	ARG	12	ARG	الأرجنتين	Argentina	Argentina	Argentine	Argentina	Аргентина	阿根廷	Member State	NO	Buenos Aires	Americas	South America		South America
SR	SUR	233	SUR	سورينام	Suriname	Suriname	Suriname	Suriname	Суринам	苏里南	Member State	NO	Paramaribo	Americas	South America		South America
UY	URY	260	URY	أوروغواي	Uruguay	Uruguay	Uruguay	Uruguai	Уругвай	乌拉圭	Member State	NO	Montevideo	Americas	South America		South America
FK	FLK	81	GBR	جزر فوكلاند (مالفيناس)	Falkland Islands (Malvinas)	Islas Malvinas	Îles Falkland	Ilhas Malvinas	Фолклендские острова	福克兰群岛	UK Non-Self-Governing Territory	NO	Stanley	Americas	South America		South America
BR	BRA	37	BRA	البرازيل	Brazil	Brasil	Brésil	Brasil	Бразилия	巴 西	Member State	NO	Brasília	Americas	South America		South America
BO	BOL	33	BOL	بوليفيا (دولة - المتعددة القوميات)	Bolivia (Plurinational State of)	Bolivia (Estado Plurinacional de)	Bolivie (État plurinational de)	Bolívia	Боливия (Многонациогнальное Государство)	玻利维亚多民族国	Member State	NO	La Paz  (adm.)	Americas	South America		South America
PE	PER	195	PER	بيرو	Peru	Perú	Pérou	Peru	Перу	秘 鲁	Member State	NO	Lima	Americas	South America		South America
CO	COL	57	COL	كولومبيا	Colombia	Colombia	Colombie	Colômbia	Колумбия	哥伦比亚	Member State	NO	Bogotá	Americas	South America		South America
GY	GUY	107	GUY	غيانا	Guyana	Guyana	Guyana	Guiana	Гайана	圭亚那	Member State	NO	Georgetown	Americas	South America		South America
EC	ECU	73	ECU	إكوادور	Ecuador	Ecuador	Équateur	Equador	Эквадор	厄瓜多尔	Member State	NO	Quito	Americas	South America		South America
GF	GUF	86	FRA	غوايانا الفرنسية	French Guiana	Guayana francesa	Guyane française	Guiana Francesa	Французская Гвиана	法属圭亚那	Member State	NO	Cayenne	Americas	South America		South America
PY	PRY	194	PRY	باراغواي	Paraguay	Paraguay	Paraguay	Paraguai	Парагвай	巴拉圭	Member State	NO	Asunción	Americas	South America		South America